	min	max	num_feat	weighting	best_parameter	f1
1	1	1	100	stopwords	{'C': 2}	0.6546762589928058
3	2	2	500	tf_idf	{'C': 4}	0.7257383966244726
4	1	2	500	tf_idf	{'C': 4}	0.6865671641791044
5	1	3	1500	tf_idf	{'C': 1}	0.6642857142857143
6	1	2	2500	stopwords	{'C': 2}	0.6570397111913358
13	1	2	1700	tf_stop	{'C': 4}	0.6523297491039428
15	1	1	1700	tf_stop	{'C': 2}	0.6367346938775511
