	tol	num_feats	remove_stop	f1
5	0.99	2500	False	0.7901234567901235
6	0.99	3000	False	0.8395061728395061
7	0.99	4500	False	0.8051948051948052
9	0.99	5100	False	0.8051948051948052
10	0.99	500	True	0.7894736842105263
13	0.99	2200	True	0.7951807228915663
14	0.99	2500	True	0.8
15	0.99	3000	True	0.7848101265822786
16	0.99	4500	True	0.8051948051948052
17	0.99	5000	True	0.810126582278481
18	0.99	5100	True	0.8051948051948052
